place,n,p
Delaware Bay,0.2688,0.049552
Thames Estuary,1.2278,0.269439
Biscayne Bay,2.4103,0.039285714
Lower Laguna Madre,2.333811573,0.244858919